x,y,nx_in_y,nx_not_in_y,not_nx_in_y,not_nx_not_in_y,oddsr,p,p_adj_bh
[1]Acetyl,α-helix,11323,16189,3329335,7132309,1.4983529876769872,2.440916845583008e-241,2.440916845583008e-241
[21]Phospho,α-helix,9301,79646,3331357,7068852,0.24779548454500153,0.0,0.0
